{"epoch": 0, "results": {"auc": 0.7795913377184797, "spauc": 0.6552021905035479, "metric": 0.4307702095510756, "f1_real": 0.8549397590361446, "f1_fake": 0.006600660066006601, "recall": 0.5016556291390728, "recall_real": 1.0, "recall_fake": 0.0033112582781456954, "precision": 0.8733164983164983, "precision_real": 0.7466329966329966, "precision_fake": 1.0, "acc": 0.7468460891505467}}
{"epoch": 1, "results": {"auc": 0.8142326242935112, "spauc": 0.6922404209677527, "metric": 0.7180384704023728, "f1_real": 0.8883062401678028, "f1_fake": 0.5477707006369427, "recall": 0.6910282446224718, "recall_real": 0.9549041713641488, "recall_fake": 0.4271523178807947, "precision": 0.7968528831651004, "precision_real": 0.8303921568627451, "precision_fake": 0.7633136094674556, "acc": 0.8208578637510513}}
{"epoch": 2, "results": {"auc": 0.820174783666948, "spauc": 0.7017254380790969, "metric": 0.7541143494311593, "f1_real": 0.8896719978313906, "f1_fake": 0.6185567010309279, "recall": 0.7356929003934686, "recall_real": 0.9250281848928974, "recall_fake": 0.5463576158940397, "precision": 0.7848310203068871, "precision_real": 0.8569190600522193, "precision_fake": 0.712742980561555, "acc": 0.828847771236333}}
{"epoch": 3, "results": {"auc": 0.8222970501056467, "spauc": 0.7081758391513999, "metric": 0.735021585185534, "f1_real": 0.8568135983866321, "f1_fake": 0.6132295719844358, "recall": 0.7452682977817929, "recall_real": 0.8382187147688839, "recall_fake": 0.652317880794702, "precision": 0.7274065747881941, "precision_real": 0.8762522097819682, "precision_fake": 0.57856093979442, "acc": 0.7910008410428931}}
{"epoch": 4, "results": {"auc": 0.8254869826858896, "spauc": 0.7069930363961375, "metric": 0.7516845295934795, "f1_real": 0.8803324099722992, "f1_fake": 0.6230366492146597, "recall": 0.7433877494643004, "recall_real": 0.8957158962795941, "recall_fake": 0.5910596026490066, "precision": 0.7620699981509619, "precision_real": 0.8654684095860566, "precision_fake": 0.6586715867158671, "acc": 0.8183347350714887}}
{"epoch": 5, "results": {"auc": 0.8191220499189918, "spauc": 0.6977840720873089, "metric": 0.7417231483081279, "f1_real": 0.8895426584648302, "f1_fake": 0.5939036381514258, "recall": 0.7187147688838782, "recall_real": 0.9374295377677565, "recall_fake": 0.5, "precision": 0.7887726496990308, "precision_real": 0.8463104325699745, "precision_fake": 0.7312348668280871, "acc": 0.8263246425567704}}
{"epoch": 6, "results": {"auc": 0.8199554641361237, "spauc": 0.6989570508994214, "metric": 0.7409626923472772, "f1_real": 0.8813744205072266, "f1_fake": 0.6005509641873278, "recall": 0.7261632334605076, "recall_real": 0.910935738444194, "recall_fake": 0.5413907284768212, "precision": 0.7639491125742699, "precision_real": 0.8536714210248283, "precision_fake": 0.6742268041237114, "acc": 0.8170731707317073}}
{"epoch": 7, "results": {"auc": 0.8148168541926427, "spauc": 0.6914761181906812, "metric": 0.7381369697080928, "f1_real": 0.8830536004331349, "f1_fake": 0.5932203389830508, "recall": 0.7204571925606815, "recall_real": 0.919391206313416, "recall_fake": 0.5215231788079471, "precision": 0.7686260462154294, "precision_real": 0.8494791666666667, "precision_fake": 0.6877729257641921, "acc": 0.8183347350714887}}
