{"epoch": 0, "loss": 0.36342994556636427}
{"epoch": 0, "loss": 0.36342994556636427}
{"epoch": 1, "loss": 0.17628922839523165}
{"epoch": 2, "loss": 0.12769935879151553}
{"epoch": 3, "loss": 0.1065183317137731}
{"epoch": 4, "loss": 0.08899286831729118}
{"epoch": 5, "loss": 0.07366247494025412}
{"epoch": 6, "loss": 0.05297355488811091}
{"epoch": 7, "loss": 0.050845675840596294}
{"epoch": 8, "loss": 0.029244322019843134}
{"epoch": 9, "loss": 0.02411445173807756}
{"epoch": 0, "loss": 0.36342994556636427}
{"epoch": 1, "loss": 0.17628922839523165}
{"epoch": 2, "loss": 0.12769935879151553}
{"epoch": 3, "loss": 0.1065183317137731}
{"epoch": 4, "loss": 0.08899286831729118}
{"epoch": 5, "loss": 0.07366247494025412}
{"epoch": 6, "loss": 0.05297355488811091}
{"epoch": 7, "loss": 0.050845675840596294}
{"epoch": 8, "loss": 0.029244322019843134}
{"epoch": 9, "loss": 0.02411445173807756}
