{"epoch": 0, "results": {"auc": 0.7754713970000822, "spauc": 0.6410203461721791, "metric": 0.5459070401846606, "f1_real": 0.8651851851851852, "f1_fake": 0.22662889518413598, "recall": 0.5600244891254844, "recall_real": 0.9875986471251409, "recall_fake": 0.13245033112582782, "precision": 0.7770426272442192, "precision_real": 0.7697715289982425, "precision_fake": 0.7843137254901961, "acc": 0.7703952901597981}}
{"epoch": 1, "results": {"auc": 0.8120384957106699, "spauc": 0.699825487473883, "metric": 0.7298850764851778, "f1_real": 0.8916359810625987, "f1_fake": 0.5681341719077568, "recall": 0.7020716829554193, "recall_real": 0.9554678692220969, "recall_fake": 0.44867549668874174, "precision": 0.8050422654268807, "precision_real": 0.8357988165680473, "precision_fake": 0.7742857142857142, "acc": 0.8267451640033642}}
{"epoch": 2, "results": {"auc": 0.8264314565803326, "spauc": 0.7204636272434447, "metric": 0.7624002626357784, "f1_real": 0.8911917098445595, "f1_fake": 0.6336088154269972, "recall": 0.7461371764336964, "recall_real": 0.9210822998872604, "recall_fake": 0.5711920529801324, "precision": 0.7872601717668459, "precision_real": 0.8631801373481247, "precision_fake": 0.711340206185567, "acc": 0.8322119428090833}}
{"epoch": 3, "results": {"auc": 0.8337669949304525, "spauc": 0.7268649085999976, "metric": 0.7637880579842713, "f1_real": 0.8836820083682009, "f1_fake": 0.6438941076003416, "recall": 0.7585347962101585, "recall_real": 0.8928974069898534, "recall_fake": 0.6241721854304636, "precision": 0.7697789425196014, "precision_real": 0.8746548868028713, "precision_fake": 0.6649029982363316, "acc": 0.8246425567703953}}
{"epoch": 4, "results": {"auc": 0.8376466174395424, "spauc": 0.7260308558265611, "metric": 0.7628744554943592, "f1_real": 0.8993861756071524, "f1_fake": 0.626362735381566, "recall": 0.7365048492948177, "recall_real": 0.9498308906426156, "recall_fake": 0.5231788079470199, "precision": 0.8171381552189121, "precision_real": 0.8540293968575773, "precision_fake": 0.7802469135802469, "acc": 0.8414634146341463}}
{"epoch": 5, "results": {"auc": 0.8388281430821953, "spauc": 0.7266153804439872, "metric": 0.7610530546623795, "f1_real": 0.8971061093247589, "f1_fake": 0.625, "recall": 0.7367157693542487, "recall_real": 0.943630214205186, "recall_fake": 0.5298013245033113, "precision": 0.8084293983170387, "precision_real": 0.8549540347293156, "precision_fake": 0.7619047619047619, "acc": 0.8385197645079899}}
{"epoch": 6, "results": {"auc": 0.839901408871335, "spauc": 0.7239884580456719, "metric": 0.7653238324184939, "f1_real": 0.8866093706681453, "f1_fake": 0.6440382941688425, "recall": 0.7569678281580146, "recall_real": 0.9013528748590756, "recall_fake": 0.6125827814569537, "precision": 0.7756197540503611, "precision_real": 0.8723404255319149, "precision_fake": 0.6788990825688074, "acc": 0.8280067283431455}}
{"epoch": 7, "results": {"auc": 0.8397539514846531, "spauc": 0.7224097503814637, "metric": 0.7460760944513072, "f1_real": 0.8982382329739679, "f1_fake": 0.5939139559286464, "recall": 0.7156694938665193, "recall_real": 0.9627959413754228, "recall_fake": 0.4685430463576159, "precision": 0.8263411196674015, "precision_real": 0.8417939871858058, "precision_fake": 0.8108882521489972, "acc": 0.8372582001682086}}
{"epoch": 8, "results": {"auc": 0.8402485870222568, "spauc": 0.7244423242192028, "metric": 0.7653663600746666, "f1_real": 0.8929447017161536, "f1_fake": 0.6377880184331797, "recall": 0.7483742356481032, "recall_real": 0.9239007891770011, "recall_fake": 0.5728476821192053, "precision": 0.7916652510748452, "precision_real": 0.863995782814971, "precision_fake": 0.7193347193347194, "acc": 0.8347350714886459}}
{"epoch": 9, "results": {"auc": 0.8376298184967559, "spauc": 0.7198407892477335, "metric": 0.7644898829839103, "f1_real": 0.8839285714285714, "f1_fake": 0.6450511945392492, "recall": 0.7593626107796949, "recall_real": 0.8928974069898534, "recall_fake": 0.6258278145695364, "precision": 0.7703155396467201, "precision_real": 0.8751381215469614, "precision_fake": 0.6654929577464789, "acc": 0.8250630782169891}}
{"epoch": 0, "results": {"auc": 0.7754713970000822, "spauc": 0.6410203461721791, "metric": 0.5459070401846606, "f1_real": 0.8651851851851852, "f1_fake": 0.22662889518413598, "recall": 0.5600244891254844, "recall_real": 0.9875986471251409, "recall_fake": 0.13245033112582782, "precision": 0.7770426272442192, "precision_real": 0.7697715289982425, "precision_fake": 0.7843137254901961, "acc": 0.7703952901597981}}
