{"epoch": 0, "loss": 1.5611788528459567}
{"epoch": 1, "loss": 1.4477909953744565}
{"epoch": 2, "loss": 1.373271230104807}
{"epoch": 3, "loss": 1.316539846025072}
{"epoch": 4, "loss": 1.2630092324437328}
{"epoch": 5, "loss": 1.2159466254818554}
{"epoch": 6, "loss": 1.1568605024535377}
{"epoch": 7, "loss": 1.0979061507963923}
{"epoch": 8, "loss": 1.0507777735993666}
{"epoch": 9, "loss": 1.0208543990109422}
{"epoch": 0, "loss": 1.5611788528459567}
