{"epoch": 0, "results": {"auc": 0.7797126634163823, "spauc": 0.6291864242536652, "metric": 0.536335188316483, "f1_real": 0.8648781688407581, "f1_fake": 0.2077922077922078, "recall": 0.5548112172140633, "recall_real": 0.9904171364148816, "recall_fake": 0.11920529801324503, "precision": 0.7882864309521356, "precision_real": 0.7675840978593272, "precision_fake": 0.8089887640449438, "acc": 0.7691337258200168}}
{"epoch": 0, "results": {"auc": 0.7797126634163823, "spauc": 0.6291864242536652, "metric": 0.536335188316483, "f1_real": 0.8648781688407581, "f1_fake": 0.2077922077922078, "recall": 0.5548112172140633, "recall_real": 0.9904171364148816, "recall_fake": 0.11920529801324503, "precision": 0.7882864309521356, "precision_real": 0.7675840978593272, "precision_fake": 0.8089887640449438, "acc": 0.7691337258200168}}
{"epoch": 1, "results": {"auc": 0.8135130695774879, "spauc": 0.6861594001578903, "metric": 0.7022986016005663, "f1_real": 0.8888314374353671, "f1_fake": 0.5157657657657657, "recall": 0.6740678453302672, "recall_real": 0.9689966178128523, "recall_fake": 0.3791390728476821, "precision": 0.8136274668065702, "precision_real": 0.8209169054441261, "precision_fake": 0.8063380281690141, "acc": 0.8191757779646762}}
{"epoch": 2, "results": {"auc": 0.8242223956039034, "spauc": 0.7042158076676269, "metric": 0.721997359824585, "f1_real": 0.8905759162303665, "f1_fake": 0.5534188034188035, "recall": 0.6938290016948268, "recall_real": 0.9588500563697858, "recall_fake": 0.4288079470198676, "precision": 0.8057493905239728, "precision_real": 0.8313782991202346, "precision_fake": 0.7801204819277109, "acc": 0.8242220353238016}}
{"epoch": 3, "results": {"auc": 0.829078223343811, "spauc": 0.7088674447491613, "metric": 0.7424443266171792, "f1_real": 0.8934252386002121, "f1_fake": 0.5914634146341463, "recall": 0.7158094850564072, "recall_real": 0.9498308906426156, "recall_fake": 0.4817880794701987, "precision": 0.8045664085137769, "precision_real": 0.8433433433433434, "precision_fake": 0.7657894736842106, "acc": 0.830950378469302}}
{"epoch": 4, "results": {"auc": 0.8295826582647065, "spauc": 0.7134198600048806, "metric": 0.7557606766134692, "f1_real": 0.8939027665860865, "f1_fake": 0.6176185866408519, "recall": 0.7330694654949714, "recall_real": 0.9379932356257046, "recall_fake": 0.5281456953642384, "precision": 0.7986804541447948, "precision_real": 0.853771164699846, "precision_fake": 0.7435897435897436, "acc": 0.8338940285954584}}
{"epoch": 5, "results": {"auc": 0.8324258793313275, "spauc": 0.7201836448636693, "metric": 0.755113246044189, "f1_real": 0.8917678812415655, "f1_fake": 0.6184586108468125, "recall": 0.7346541657645012, "recall_real": 0.9312288613303269, "recall_fake": 0.5380794701986755, "precision": 0.791292314144472, "precision_real": 0.8555152770585189, "precision_fake": 0.727069351230425, "acc": 0.8313708999158957}}
{"epoch": 6, "results": {"auc": 0.8275887170834051, "spauc": 0.7165723633617219, "metric": 0.7557203399953176, "f1_real": 0.8802228412256268, "f1_fake": 0.6312178387650086, "recall": 0.7499570693684344, "recall_real": 0.8906426155580609, "recall_fake": 0.609271523178808, "precision": 0.7624241616630347, "precision_real": 0.8700440528634361, "precision_fake": 0.6548042704626335, "acc": 0.8191757779646762}}
{"epoch": 7, "results": {"auc": 0.8274767241314946, "spauc": 0.723522803140361, "metric": 0.7528844942687996, "f1_real": 0.8940042826552462, "f1_fake": 0.611764705882353, "recall": 0.728965857082061, "recall_real": 0.9413754227733935, "recall_fake": 0.5165562913907285, "precision": 0.8005861365953109, "precision_real": 0.8511722731906218, "precision_fake": 0.75, "acc": 0.8334735071488646}}
{"epoch": 8, "results": {"auc": 0.8278938978773602, "spauc": 0.721551137750152, "metric": 0.7579895272702342, "f1_real": 0.8990435706695006, "f1_fake": 0.6169354838709677, "recall": 0.730199646102272, "recall_real": 0.9537767756482526, "recall_fake": 0.5066225165562914, "precision": 0.8194555250479201, "precision_real": 0.8502512562814071, "precision_fake": 0.788659793814433, "acc": 0.840201850294365}}
{"epoch": 9, "results": {"auc": 0.8289466316253163, "spauc": 0.7220148278668329, "metric": 0.7616813099294846, "f1_real": 0.8928668294005967, "f1_fake": 0.6304957904583723, "recall": 0.7428968470250938, "recall_real": 0.9278466741826381, "recall_fake": 0.5579470198675497, "precision": 0.7925799144506461, "precision_real": 0.8604286461055933, "precision_fake": 0.7247311827956989, "acc": 0.8338940285954584}}
