{"epoch": 0, "loss": 0.5788142302551782}
{"epoch": 0, "loss": 0.5788142302551782}
{"epoch": 0, "loss": 0.5788142302551782}
{"epoch": 0, "loss": 0.5788142302551782}
{"epoch": 0, "loss": 0.5788142302551782}
{"epoch": 0, "loss": 0.5788142302551782}
{"epoch": 0, "loss": 0.5788142302551782}
{"epoch": 0, "loss": 0.5788142302551782}
{"epoch": 0, "loss": 0.5788142302551782}
{"epoch": 0, "loss": 0.5788142302551782}
{"epoch": 1, "loss": 0.4827760777494929}
{"epoch": 2, "loss": 0.421704340893943}
{"epoch": 3, "loss": 0.3707715918620427}
{"epoch": 4, "loss": 0.3357911158252407}
{"epoch": 5, "loss": 0.28650146051570113}
{"epoch": 6, "loss": 0.2453459129408673}
{"epoch": 7, "loss": 0.2044628050413217}
{"epoch": 8, "loss": 0.16078685868430778}
{"epoch": 9, "loss": 0.11793886745969455}
