{"epoch": 0, "loss": 0.5486510267128817}
{"epoch": 1, "loss": 0.4572893147533004}
{"epoch": 2, "loss": 0.4218693870950391}
{"epoch": 3, "loss": 0.3996587231889501}
{"epoch": 4, "loss": 0.38139398892720544}
{"epoch": 5, "loss": 0.3583469459333936}
{"epoch": 6, "loss": 0.33788391155702563}
{"epoch": 7, "loss": 0.32098250185047195}
{"epoch": 8, "loss": 0.3161693011989464}
{"epoch": 9, "loss": 0.2886041974699178}
