{"epoch": 0, "results": {"auc": 0.7871219304598431, "spauc": 0.6674221933878575, "metric": 0.7037801776733059, "f1_real": 0.8800421829686265, "f1_fake": 0.5275181723779855, "recall": 0.6806707631199743, "recall_real": 0.9408117249154453, "recall_fake": 0.4205298013245033, "precision": 0.7670838731217776, "precision_real": 0.8266468548786527, "precision_fake": 0.7075208913649025, "acc": 0.8086627417998318}}
{"epoch": 1, "results": {"auc": 0.8118210427290442, "spauc": 0.69335347372665, "metric": 0.744176422300123, "f1_real": 0.8771444382955175, "f1_fake": 0.6112084063047285, "recall": 0.7356378371921127, "recall_real": 0.8934611048478016, "recall_fake": 0.5778145695364238, "precision": 0.7550559641183126, "precision_real": 0.8614130434782609, "precision_fake": 0.6486988847583643, "acc": 0.8132884777123633}}
{"epoch": 2, "results": {"auc": 0.8272499384038765, "spauc": 0.7078320011411492, "metric": 0.7478086284743335, "f1_real": 0.8900242000537779, "f1_fake": 0.6055930568948891, "recall": 0.7263937522865227, "recall_real": 0.9329199549041713, "recall_fake": 0.5198675496688742, "precision": 0.788036476546127, "precision_real": 0.8508997429305912, "precision_fake": 0.7251732101616628, "acc": 0.8280067283431455}}
{"epoch": 3, "results": {"auc": 0.8294170020233395, "spauc": 0.7055076561918545, "metric": 0.7489416418824808, "f1_real": 0.8752098489087857, "f1_fake": 0.622673434856176, "recall": 0.7454474865048493, "recall_real": 0.8816234498308907, "recall_fake": 0.609271523178808, "precision": 0.7527835447904652, "precision_real": 0.8688888888888889, "precision_fake": 0.6366782006920415, "acc": 0.8124474348191758}}
{"epoch": 4, "results": {"auc": 0.8337809940494411, "spauc": 0.7129522403109396, "metric": 0.7596611261116203, "f1_real": 0.8882191780821918, "f1_fake": 0.6311030741410488, "recall": 0.7457843986351793, "recall_real": 0.9137542277339347, "recall_fake": 0.5778145695364238, "precision": 0.779645809087743, "precision_real": 0.8640724946695096, "precision_fake": 0.6952191235059761, "acc": 0.8284272497897393}}
{"epoch": 5, "results": {"auc": 0.8399508724250954, "spauc": 0.7066187441621218, "metric": 0.7366747755904052, "f1_real": 0.8895982974195265, "f1_fake": 0.5837512537612839, "recall": 0.7121454489797442, "recall_real": 0.9425028184892897, "recall_fake": 0.4817880794701987, "precision": 0.7913876978099101, "precision_real": 0.8423173803526448, "precision_fake": 0.7404580152671756, "acc": 0.8254835996635829}}
{"epoch": 6, "results": {"auc": 0.8411930609166998, "spauc": 0.7089558602375114, "metric": 0.7451205206545295, "f1_real": 0.8663436876603021, "f1_fake": 0.623897353648757, "recall": 0.7504302395902551, "recall_real": 0.8568207440811725, "recall_fake": 0.6440397350993378, "precision": 0.7405286817466756, "precision_real": 0.8760806916426513, "precision_fake": 0.6049766718506998, "acc": 0.8027754415475189}}
{"epoch": 7, "results": {"auc": 0.8392667821438438, "spauc": 0.7043769203352872, "metric": 0.7465266992544992, "f1_real": 0.8864806285559469, "f1_fake": 0.6065727699530516, "recall": 0.7284889537618433, "recall_real": 0.9222096956031567, "recall_fake": 0.5347682119205298, "precision": 0.7770337781489289, "precision_real": 0.8534167970787689, "precision_fake": 0.7006507592190889, "acc": 0.8238015138772078}}
{"epoch": 8, "results": {"auc": 0.8402737854364366, "spauc": 0.7112556453289312, "metric": 0.7463980174861768, "f1_real": 0.8887691893347698, "f1_fake": 0.6040268456375839, "recall": 0.7258123222111889, "recall_real": 0.9301014656144306, "recall_fake": 0.5215231788079471, "precision": 0.7842469816886566, "precision_real": 0.850954100051573, "precision_fake": 0.7175398633257403, "acc": 0.8263246425567704}}
{"epoch": 9, "results": {"auc": 0.8439900848906575, "spauc": 0.7169132541890276, "metric": 0.7544298513886591, "f1_real": 0.880932556203164, "f1_fake": 0.6279271465741544, "recall": 0.7469631244540343, "recall_real": 0.8945885005636979, "recall_fake": 0.5993377483443708, "precision": 0.7635339764829139, "precision_real": 0.8676872607982504, "precision_fake": 0.6593806921675774, "acc": 0.81959629941127}}
