{"epoch": 0, "loss": 0.3105829741201691}
{"epoch": 1, "loss": 0.15315743211052704}
{"epoch": 2, "loss": 0.12462876613780453}
{"epoch": 3, "loss": 0.09952230240545563}
{"epoch": 4, "loss": 0.09913543282026374}
{"epoch": 5, "loss": 0.0779520131874125}
{"epoch": 6, "loss": 0.08143026332018544}
{"epoch": 7, "loss": 0.06985823671346074}
{"epoch": 8, "loss": 0.058321721968241036}
{"epoch": 9, "loss": 0.05389774723192425}
