{"epoch": 0, "results": {"auc": 0.7756015888066778, "spauc": 0.6428200925572628, "metric": 0.5589292627620154, "f1_real": 0.8631159780985564, "f1_fake": 0.25474254742547425, "recall": 0.566540612377461, "recall_real": 0.9774520856820744, "recall_fake": 0.15562913907284767, "precision": 0.7371099050203528, "precision_real": 0.7727272727272727, "precision_fake": 0.7014925373134329, "acc": 0.768713204373423}}
{"epoch": 1, "results": {"auc": 0.8238705510799854, "spauc": 0.706260170237146, "metric": 0.6908785763109071, "f1_real": 0.8913265306122449, "f1_fake": 0.4904306220095694, "recall": 0.662092065672667, "recall_real": 0.9847801578354002, "recall_fake": 0.3394039735099338, "precision": 0.8488466915191053, "precision_real": 0.8140726933830382, "precision_fake": 0.8836206896551724, "acc": 0.8208578637510513}}
{"epoch": 2, "results": {"auc": 0.8396391587089455, "spauc": 0.724525827735978, "metric": 0.7676149261075924, "f1_real": 0.8921139101861993, "f1_fake": 0.6431159420289855, "recall": 0.7530060774841902, "recall_real": 0.9182638105975197, "recall_fake": 0.5877483443708609, "precision": 0.7887060702875399, "precision_real": 0.8674121405750799, "precision_fake": 0.71, "acc": 0.8343145500420521}}
{"epoch": 3, "results": {"auc": 0.8432714634492336, "spauc": 0.727467116315094, "metric": 0.7670852935414962, "f1_real": 0.8983324367939752, "f1_fake": 0.6358381502890174, "recall": 0.7438665193337166, "recall_real": 0.9413754227733935, "recall_fake": 0.5463576158940397, "precision": 0.8097110807684285, "precision_real": 0.8590534979423868, "precision_fake": 0.7603686635944701, "acc": 0.8410428931875525}}
{"epoch": 4, "results": {"auc": 0.8416200340458575, "spauc": 0.730980158385541, "metric": 0.7660991958801641, "f1_real": 0.8884594146880177, "f1_fake": 0.6437389770723104, "recall": 0.7556472446000733, "recall_real": 0.906989853438557, "recall_fake": 0.6043046357615894, "precision": 0.7796751204770073, "precision_real": 0.8706709956709957, "precision_fake": 0.6886792452830188, "acc": 0.8301093355761143}}
{"epoch": 5, "results": {"auc": 0.8440796792521857, "spauc": 0.7305832710822802, "metric": 0.7495351115134694, "f1_real": 0.8659201837496411, "f1_fake": 0.6331500392772977, "recall": 0.7586374564160763, "recall_real": 0.8500563697857948, "recall_fake": 0.6672185430463576, "precision": 0.7423894951636505, "precision_real": 0.882387361029842, "precision_fake": 0.6023916292974589, "acc": 0.8036164844407064}}
{"epoch": 6, "results": {"auc": 0.8399938030566609, "spauc": 0.7259748593506059, "metric": 0.7641681186484697, "f1_real": 0.8969599139090665, "f1_fake": 0.631376323387873, "recall": 0.7413653434077215, "recall_real": 0.939684329199549, "recall_fake": 0.543046357615894, "precision": 0.8059873048550352, "precision_real": 0.8579516212043232, "precision_fake": 0.7540229885057471, "acc": 0.8389402859545837}}
{"epoch": 7, "results": {"auc": 0.844187939105699, "spauc": 0.7343772779268178, "metric": 0.7756877628702378, "f1_real": 0.8983143012506797, "f1_fake": 0.6530612244897959, "recall": 0.7570051591419846, "recall_real": 0.9312288613303269, "recall_fake": 0.5827814569536424, "precision": 0.8051315462894019, "precision_real": 0.8676470588235294, "precision_fake": 0.7426160337552743, "acc": 0.8427249789739276}}
{"epoch": 8, "results": {"auc": 0.8430017470900499, "spauc": 0.7273934367414688, "metric": 0.7572676792422015, "f1_real": 0.8991507430997877, "f1_fake": 0.6153846153846154, "recall": 0.7291077148211473, "recall_real": 0.9549041713641488, "recall_fake": 0.5033112582781457, "precision": 0.82060765630224, "precision_real": 0.8495486459378134, "precision_fake": 0.7916666666666666, "acc": 0.840201850294365}}
{"epoch": 9, "results": {"auc": 0.8429821483234655, "spauc": 0.7336562004996064, "metric": 0.7724241241125251, "f1_real": 0.8931025006870019, "f1_fake": 0.6517457475380484, "recall": 0.7593290128941219, "recall_real": 0.9160090191657272, "recall_fake": 0.6026490066225165, "precision": 0.790432664921165, "precision_real": 0.871313672922252, "precision_fake": 0.7095516569200779, "acc": 0.836417157275021}}
