{"epoch": 0, "loss": 0.5796253431487728}
{"epoch": 1, "loss": 0.47512246386424917}
{"epoch": 2, "loss": 0.38772109177735475}
{"epoch": 3, "loss": 0.3100313293235796}
{"epoch": 4, "loss": 0.22616630557689582}
{"epoch": 5, "loss": 0.138435396927971}
{"epoch": 6, "loss": 0.06942510114865261}
{"epoch": 7, "loss": 0.035476623421853704}
{"epoch": 8, "loss": 0.021052062511444092}
{"epoch": 9, "loss": 0.013419151541080561}
