{"epoch": 0, "loss": 0.4132721645606532}
{"epoch": 1, "loss": 0.15578104724251735}
{"epoch": 2, "loss": 0.08708484720035983}
{"epoch": 3, "loss": 0.04634707558874946}
{"epoch": 4, "loss": 0.022061362374901167}
{"epoch": 5, "loss": 0.00942931102267844}
{"epoch": 6, "loss": 0.005231723113054712}
{"epoch": 7, "loss": 0.0032025292898037448}
{"epoch": 8, "loss": 0.001967107680881068}
{"epoch": 9, "loss": 0.0013943374773638475}
