{"epoch": 0, "loss": 0.7119382915196116}
{"epoch": 1, "loss": 0.6160488875062617}
{"epoch": 2, "loss": 0.54790777102247}
{"epoch": 3, "loss": 0.5191865700322231}
{"epoch": 4, "loss": 0.4854481875359475}
{"epoch": 5, "loss": 0.46052379490018963}
{"epoch": 6, "loss": 0.4526670717441284}
{"epoch": 7, "loss": 0.42393318033433175}
{"epoch": 8, "loss": 0.39480247650597555}
{"epoch": 9, "loss": 0.3679764131167987}
{"epoch": 0, "loss": 0.7119382915196116}
