{"epoch": 0, "results": {"auc": 0.7833104369964984, "spauc": 0.6263679349639245, "metric": 0.4272639691714836, "f1_real": 0.8545279383429673, "f1_fake": 0.0, "recall": 0.5, "recall_real": 1.0, "recall_fake": 0.0, "precision": 0.37300252312867954, "precision_real": 0.7460050462573591, "precision_fake": 0.0, "acc": 0.7460050462573591}}
{"epoch": 1, "results": {"auc": 0.8093702636314087, "spauc": 0.6863450726834257, "metric": 0.6468465621840243, "f1_real": 0.8811931243680485, "f1_fake": 0.4125, "recall": 0.6278520871753137, "recall_real": 0.9825253664036077, "recall_fake": 0.2731788079470199, "precision": 0.8203225836622459, "precision_real": 0.7988084326306141, "precision_fake": 0.8418367346938775, "acc": 0.8023549201009251}}
{"epoch": 2, "results": {"auc": 0.8197492104496891, "spauc": 0.7056117899892448, "metric": 0.7016712028692408, "f1_real": 0.891231679094883, "f1_fake": 0.5121107266435986, "recall": 0.6722190283491492, "recall_real": 0.9768883878241262, "recall_fake": 0.3675496688741722, "precision": 0.8317459033339625, "precision_real": 0.8193853427895981, "precision_fake": 0.844106463878327, "acc": 0.8221194280908326}}
{"epoch": 3, "results": {"auc": 0.8249858142260913, "spauc": 0.717619595701514, "metric": 0.7438431946383454, "f1_real": 0.8924960085151676, "f1_fake": 0.5951903807615231, "recall": 0.7185215810418331, "recall_real": 0.9453213077790305, "recall_fake": 0.4917218543046358, "precision": 0.7995346016865892, "precision_real": 0.8452620967741935, "precision_fake": 0.7538071065989848, "acc": 0.8301093355761143}}
{"epoch": 4, "results": {"auc": 0.8289466316253165, "spauc": 0.722071806737103, "metric": 0.7560696176613132, "f1_real": 0.8975246207080118, "f1_fake": 0.6146146146146146, "recall": 0.729336367097964, "recall_real": 0.9503945885005637, "recall_fake": 0.5082781456953642, "precision": 0.8137210593845152, "precision_real": 0.8502269288956127, "precision_fake": 0.7772151898734178, "acc": 0.8380992430613962}}
{"epoch": 5, "results": {"auc": 0.831227554745888, "spauc": 0.7262852959541466, "metric": 0.7402001485819167, "f1_real": 0.8979591836734694, "f1_fake": 0.582441113490364, "recall": 0.7088183250334112, "recall_real": 0.9673055242390078, "recall_fake": 0.4503311258278146, "precision": 0.8310665246212121, "precision_real": 0.837890625, "precision_fake": 0.8242424242424242, "acc": 0.8359966358284272}}
{"epoch": 6, "results": {"auc": 0.8340544435070221, "spauc": 0.7306392675582354, "metric": 0.7571815151501199, "f1_real": 0.9002381582429214, "f1_fake": 0.6141248720573184, "recall": 0.72776939904582, "recall_real": 0.9588500563697858, "recall_fake": 0.4966887417218543, "precision": 0.826334298302501, "precision_real": 0.8483790523690773, "precision_fake": 0.8042895442359249, "acc": 0.8414634146341463}}
{"epoch": 7, "results": {"auc": 0.8377492776454603, "spauc": 0.7343428941257928, "metric": 0.773860468375401, "f1_real": 0.8963447899618112, "f1_fake": 0.6513761467889908, "recall": 0.7569519624898273, "recall_real": 0.9261555806087937, "recall_fake": 0.5877483443708609, "precision": 0.7994229547847118, "precision_real": 0.8683932346723044, "precision_fake": 0.7304526748971193, "acc": 0.840201850294365}}
{"epoch": 8, "results": {"auc": 0.8391118585603679, "spauc": 0.7325176054885192, "metric": 0.7725853472897978, "f1_real": 0.8934651290499726, "f1_fake": 0.651705565529623, "recall": 0.7590648961825336, "recall_real": 0.9171364148816235, "recall_fake": 0.6009933774834437, "precision": 0.7913748582944955, "precision_real": 0.8709850107066381, "precision_fake": 0.711764705882353, "acc": 0.8368376787216149}}
{"epoch": 9, "results": {"auc": 0.8388552080455738, "spauc": 0.7272745670293536, "metric": 0.730024602047408, "f1_real": 0.8957790515893694, "f1_fake": 0.5642701525054467, "recall": 0.69890228241636, "recall_real": 0.9689966178128523, "recall_fake": 0.4288079470198676, "precision": 0.8288448007702562, "precision_real": 0.8328488372093024, "precision_fake": 0.8248407643312102, "acc": 0.8317914213624895}}
{"epoch": 0, "results": {"auc": 0.7833104369964984, "spauc": 0.6263679349639245, "metric": 0.4272639691714836, "f1_real": 0.8545279383429673, "f1_fake": 0.0, "recall": 0.5, "recall_real": 1.0, "recall_fake": 0.0, "precision": 0.37300252312867954, "precision_real": 0.7460050462573591, "precision_fake": 0.0, "acc": 0.7460050462573591}}
