{"epoch": 0, "loss": 0.537180001268516}
{"epoch": 1, "loss": 0.2888716778441054}
{"epoch": 2, "loss": 0.22603575492630135}
{"epoch": 3, "loss": 0.1976479230498946}
{"epoch": 4, "loss": 0.18422566757008835}
{"epoch": 5, "loss": 0.152857707637186}
{"epoch": 6, "loss": 0.14054384017111482}
{"epoch": 7, "loss": 0.1329417299428904}
{"epoch": 8, "loss": 0.12809035509220648}
{"epoch": 9, "loss": 0.12383674316712327}
