{"epoch": 0, "loss": 0.5567345987032127}
{"epoch": 1, "loss": 0.45932970498059245}
{"epoch": 2, "loss": 0.4260195241318094}
{"epoch": 3, "loss": 0.398775618087064}
{"epoch": 4, "loss": 0.3863971378352192}
{"epoch": 5, "loss": 0.3610498365518208}
{"epoch": 6, "loss": 0.34136678560360073}
{"epoch": 7, "loss": 0.3269595271563745}
{"epoch": 8, "loss": 0.30992956835407376}
{"epoch": 9, "loss": 0.29269487336949185}
