{"epoch": 0, "loss": 0.6734488558124851}
{"epoch": 1, "loss": 0.5697127991431467}
{"epoch": 2, "loss": 0.5294756969890078}
{"epoch": 3, "loss": 0.50574751319112}
{"epoch": 4, "loss": 0.4731135470373137}
{"epoch": 5, "loss": 0.4582994365477347}
{"epoch": 6, "loss": 0.44626272583866977}
{"epoch": 7, "loss": 0.41966333971904207}
{"epoch": 8, "loss": 0.40959159331815737}
