{"epoch": 0, "results": {"auc": 0.8014663610503446, "spauc": 0.6774327914577277, "metric": 0.7309663733341454, "f1_real": 0.87476020827624, "f1_fake": 0.5871725383920506, "recall": 0.7188706257419533, "recall_real": 0.8996617812852311, "recall_fake": 0.5380794701986755, "precision": 0.7486616302186879, "precision_real": 0.8512, "precision_fake": 0.6461232604373758, "acc": 0.8078216989066442}}
{"epoch": 1, "results": {"auc": 0.8253507245943987, "spauc": 0.6976740439240287, "metric": 0.740773156596652, "f1_real": 0.8885913229780397, "f1_fake": 0.5929549902152642, "recall": 0.7184151877375183, "recall_real": 0.9351747463359639, "recall_fake": 0.5016556291390728, "precision": 0.7856544771018454, "precision_real": 0.8464285714285714, "precision_fake": 0.7248803827751196, "acc": 0.8250630782169891}}
{"epoch": 2, "results": {"auc": 0.83318369830592, "spauc": 0.7103862263601544, "metric": 0.7577142524452725, "f1_real": 0.8838495575221239, "f1_fake": 0.631578947368421, "recall": 0.7484078335336763, "recall_real": 0.9007891770011274, "recall_fake": 0.5960264900662252, "precision": 0.7695885393877518, "precision_real": 0.8675352877307275, "precision_fake": 0.6716417910447762, "acc": 0.8233809924306139}}
{"epoch": 3, "results": {"auc": 0.8407404227360625, "spauc": 0.7156950852384252, "metric": 0.769086179989596, "f1_real": 0.8926027397260274, "f1_fake": 0.6455696202531646, "recall": 0.7546617066232632, "recall_real": 0.9182638105975197, "recall_fake": 0.5910596026490066, "precision": 0.7897461327398296, "precision_real": 0.8683368869936035, "precision_fake": 0.7111553784860558, "acc": 0.8351555929352397}}
{"epoch": 4, "results": {"auc": 0.8443129979019988, "spauc": 0.7183888104501606, "metric": 0.7591269016854832, "f1_real": 0.8944534194938072, "f1_fake": 0.6238003838771593, "recall": 0.7371908061252679, "recall_real": 0.9363021420518602, "recall_fake": 0.5380794701986755, "precision": 0.7990973497152003, "precision_real": 0.8561855670103092, "precision_fake": 0.7420091324200914, "acc": 0.8351555929352397}}
{"epoch": 5, "results": {"auc": 0.8401291278735524, "spauc": 0.7167138281430823, "metric": 0.7561965628075269, "f1_real": 0.8877355913684786, "f1_fake": 0.6246575342465753, "recall": 0.7411170923643206, "recall_real": 0.9160090191657272, "recall_fake": 0.5662251655629139, "precision": 0.7788464755638591, "precision_real": 0.8611552729199788, "precision_fake": 0.6965376782077393, "acc": 0.8271656854499579}}
{"epoch": 6, "results": {"auc": 0.8410950670837782, "spauc": 0.7143236627746824, "metric": 0.754338529663465, "f1_real": 0.8903924221921515, "f1_fake": 0.6182846371347785, "recall": 0.735164666970292, "recall_real": 0.9272829763246899, "recall_fake": 0.543046357615894, "precision": 0.7870245598287726, "precision_real": 0.8563248308172826, "precision_fake": 0.7177242888402626, "acc": 0.8296888141295206}}
{"epoch": 7, "results": {"auc": 0.8412331917244674, "spauc": 0.7086729306747909, "metric": 0.7542900373925938, "f1_real": 0.8648491879350348, "f1_fake": 0.6437308868501529, "recall": 0.7687466868751727, "recall_real": 0.8404735062006764, "recall_fake": 0.6970198675496688, "precision": 0.7443461836102965, "precision_real": 0.8906810035842294, "precision_fake": 0.5980113636363636, "acc": 0.8040370058873002}}
{"epoch": 8, "results": {"auc": 0.8410148054682425, "spauc": 0.7201639969773692, "metric": 0.759020804729472, "f1_real": 0.8952176249328319, "f1_fake": 0.6228239845261122, "recall": 0.7361166070615289, "recall_real": 0.939120631341601, "recall_fake": 0.5331125827814569, "precision": 0.8020366744663578, "precision_real": 0.8552361396303901, "precision_fake": 0.7488372093023256, "acc": 0.8359966358284272}}
