{"epoch": 0, "loss": 0.7006581559911504}
{"epoch": 0, "loss": 0.7006581559911504}
{"epoch": 1, "loss": 0.5800240496257403}
{"epoch": 2, "loss": 0.49441084024068505}
{"epoch": 3, "loss": 0.4397736358212995}
{"epoch": 4, "loss": 0.3892178206561922}
{"epoch": 5, "loss": 0.33494768137330405}
{"epoch": 6, "loss": 0.27515657407206456}
{"epoch": 7, "loss": 0.22091677516430347}
{"epoch": 8, "loss": 0.16507140889361094}
{"epoch": 9, "loss": 0.13100559925576602}
