{"epoch": 0, "results": {"auc": 0.7788568506088683, "spauc": 0.644444972754276, "metric": 0.542580351834365, "f1_real": 0.8641975308641975, "f1_fake": 0.22096317280453256, "recall": 0.5578051621284634, "recall_real": 0.9864712514092446, "recall_fake": 0.1291390728476821, "precision": 0.7667993383645197, "precision_real": 0.7688927943760984, "precision_fake": 0.7647058823529411, "acc": 0.768713204373423}}
{"epoch": 0, "results": {"auc": 0.7788568506088683, "spauc": 0.644444972754276, "metric": 0.542580351834365, "f1_real": 0.8641975308641975, "f1_fake": 0.22096317280453256, "recall": 0.5578051621284634, "recall_real": 0.9864712514092446, "recall_fake": 0.1291390728476821, "precision": 0.7667993383645197, "precision_real": 0.7688927943760984, "precision_fake": 0.7647058823529411, "acc": 0.768713204373423}}
{"epoch": 1, "results": {"auc": 0.8173590942010048, "spauc": 0.7046382372230777, "metric": 0.735363316903545, "f1_real": 0.8919418758256275, "f1_fake": 0.5787847579814624, "recall": 0.7083768861479651, "recall_real": 0.95152198421646, "recall_fake": 0.4652317880794702, "precision": 0.8025254831397342, "precision_real": 0.8393833913475882, "precision_fake": 0.7656675749318801, "acc": 0.8280067283431455}}
{"epoch": 2, "results": {"auc": 0.8313694124849743, "spauc": 0.7219765144885478, "metric": 0.7579937224700707, "f1_real": 0.8845941468801767, "f1_fake": 0.6313932980599647, "recall": 0.7478796001104997, "recall_real": 0.90304396843292, "recall_fake": 0.5927152317880795, "precision": 0.7711774074981622, "precision_real": 0.8668831168831169, "precision_fake": 0.6754716981132075, "acc": 0.8242220353238016}}
{"epoch": 3, "results": {"auc": 0.8392583826724505, "spauc": 0.7296038239502233, "metric": 0.763815984279523, "f1_real": 0.8790276992651216, "f1_fake": 0.6486042692939245, "recall": 0.765261839521566, "recall_real": 0.8765501691093573, "recall_fake": 0.6539735099337748, "precision": 0.7624208749732249, "precision_real": 0.8815192743764172, "precision_fake": 0.6433224755700325, "acc": 0.8200168208578638}}
{"epoch": 4, "results": {"auc": 0.8436886371950992, "spauc": 0.7291008380609422, "metric": 0.7714163454770402, "f1_real": 0.8998384491114702, "f1_fake": 0.6429942418426103, "recall": 0.7482874411103728, "recall_real": 0.9419391206313416, "recall_fake": 0.554635761589404, "precision": 0.8130901944169844, "precision_real": 0.8613402061855671, "precision_fake": 0.7648401826484018, "acc": 0.8435660218671153}}
{"epoch": 5, "results": {"auc": 0.8448141663617971, "spauc": 0.7300783204043693, "metric": 0.7655225755559852, "f1_real": 0.8959740610645771, "f1_fake": 0.6350710900473934, "recall": 0.7446234050337099, "recall_real": 0.9346110484780158, "recall_fake": 0.554635761589404, "precision": 0.8015992829173939, "precision_real": 0.8604047742605085, "precision_fake": 0.7427937915742794, "acc": 0.8380992430613962}}
{"epoch": 6, "results": {"auc": 0.8443596616319613, "spauc": 0.7276017043362493, "metric": 0.7667124085935851, "f1_real": 0.8829637945551502, "f1_fake": 0.6504610226320201, "recall": 0.7645404182563444, "recall_real": 0.8866967305524239, "recall_fake": 0.6423841059602649, "precision": 0.7690028954533505, "precision_real": 0.8792621576299608, "precision_fake": 0.6587436332767402, "acc": 0.8246425567703953}}
{"epoch": 7, "results": {"auc": 0.8421729992459142, "spauc": 0.724030701001217, "metric": 0.7584350920038738, "f1_real": 0.8967914438502674, "f1_fake": 0.6200787401574803, "recall": 0.7334222432934887, "recall_real": 0.9453213077790305, "recall_fake": 0.5215231788079471, "precision": 0.8087820620450572, "precision_real": 0.853001017293998, "precision_fake": 0.7645631067961165, "acc": 0.8376787216148024}}
{"epoch": 8, "results": {"auc": 0.8399135414411253, "spauc": 0.7220069687123128, "metric": 0.7576363581272226, "f1_real": 0.889010089991819, "f1_fake": 0.6262626262626263, "recall": 0.7416985224396545, "recall_real": 0.9188275084554679, "recall_fake": 0.5645695364238411, "precision": 0.7820799363907178, "precision_real": 0.8610670892762811, "precision_fake": 0.7030927835051546, "acc": 0.828847771236333}}
{"epoch": 9, "results": {"auc": 0.8380469922426216, "spauc": 0.7193407505413975, "metric": 0.7617959584178293, "f1_real": 0.8825006977393246, "f1_fake": 0.6410912190963342, "recall": 0.7568614348536998, "recall_real": 0.891206313416009, "recall_fake": 0.6225165562913907, "precision": 0.7673859758034666, "precision_real": 0.8739635157545605, "precision_fake": 0.6608084358523726, "acc": 0.8229604709840201}}
