{"epoch": 0, "loss": 0.5101023202610983}
{"epoch": 1, "loss": 0.2430982868111617}
{"epoch": 2, "loss": 0.1725304699125322}
{"epoch": 3, "loss": 0.13719652557896597}
{"epoch": 4, "loss": 0.10769253412916048}
{"epoch": 5, "loss": 0.08068495560940861}
{"epoch": 6, "loss": 0.06324361125007268}
{"epoch": 7, "loss": 0.04852527309511159}
{"epoch": 8, "loss": 0.038603387653475256}
{"epoch": 9, "loss": 0.03289517225710222}
