{"epoch": 0, "results": {"auc": 0.7116685456595264, "spauc": 0.5863167011356085, "metric": 0.525664059270621, "f1_real": 0.8601726263871763, "f1_fake": 0.19115549215406563, "recall": 0.5470081082897184, "recall_real": 0.9830890642615558, "recall_fake": 0.11092715231788079, "precision": 0.7276492947115798, "precision_real": 0.7645769399386234, "precision_fake": 0.6907216494845361, "acc": 0.7615643397813289}}
{"epoch": 1, "results": {"auc": 0.8114551990861374, "spauc": 0.6812209039363755, "metric": 0.7237167147134809, "f1_real": 0.8871862615587847, "f1_fake": 0.5602471678681772, "recall": 0.6983899146613707, "recall_real": 0.9464487034949267, "recall_fake": 0.4503311258278146, "precision": 0.7880262100680588, "precision_real": 0.8349080059671805, "precision_fake": 0.7411444141689373, "acc": 0.8204373423044575}}
{"epoch": 2, "results": {"auc": 0.8198565370286031, "spauc": 0.696376301033911, "metric": 0.7481121109861267, "f1_real": 0.8728908886389202, "f1_fake": 0.6233333333333333, "recall": 0.747032186774379, "recall_real": 0.874859075535513, "recall_fake": 0.6192052980132451, "precision": 0.7492241580608472, "precision_real": 0.8709315375982043, "precision_fake": 0.62751677852349, "acc": 0.8099243061396131}}
{"epoch": 3, "results": {"auc": 0.8151826978355495, "spauc": 0.6866771219618966, "metric": 0.737594989880475, "f1_real": 0.8879978615343491, "f1_fake": 0.587192118226601, "recall": 0.7148398127477844, "recall_real": 0.9363021420518602, "recall_fake": 0.49337748344370863, "precision": 0.7847469870874292, "precision_real": 0.8444331469242501, "precision_fake": 0.7250608272506083, "acc": 0.8238015138772078}}
{"epoch": 4, "results": {"auc": 0.8156054712290106, "spauc": 0.7026538007067737, "metric": 0.7422461714745823, "f1_real": 0.8640776699029126, "f1_fake": 0.620414673046252, "recall": 0.7484572970874366, "recall_real": 0.8528748590755355, "recall_fake": 0.6440397350993378, "precision": 0.737020121082621, "precision_real": 0.8755787037037037, "precision_fake": 0.5984615384615385, "acc": 0.7998317914213625}}
{"epoch": 5, "results": {"auc": 0.8135102697536902, "spauc": 0.7010240085381855, "metric": 0.7448217986851331, "f1_real": 0.8741278258442646, "f1_fake": 0.6155157715260017, "recall": 0.7402164823760424, "recall_real": 0.882750845546787, "recall_fake": 0.597682119205298, "precision": 0.7500590194895469, "precision_real": 0.8656716417910447, "precision_fake": 0.6344463971880492, "acc": 0.8103448275862069}}
{"epoch": 6, "results": {"auc": 0.8143688823850018, "spauc": 0.6901773929062486, "metric": 0.6960291772211277, "f1_real": 0.8875128998968008, "f1_fake": 0.5045454545454545, "recall": 0.6685549922724863, "recall_real": 0.9695603156708005, "recall_fake": 0.3675496688741722, "precision": 0.8113080709882927, "precision_real": 0.8182683158896289, "precision_fake": 0.8043478260869565, "acc": 0.8166526492851135}}
{"epoch": 7, "results": {"auc": 0.8222741848779651, "spauc": 0.7090157862907267, "metric": 0.7441488484187724, "f1_real": 0.8920863309352518, "f1_fake": 0.5962113659022931, "recall": 0.7193316633939837, "recall_real": 0.943630214205186, "recall_fake": 0.49503311258278143, "precision": 0.7976275960239152, "precision_real": 0.8458817584638706, "precision_fake": 0.7493734335839599, "acc": 0.8296888141295206}}
