{"epoch": 0, "loss": 0.4834633177599395}
{"epoch": 1, "loss": 0.270456057595643}
{"epoch": 2, "loss": 0.20742649071522665}
{"epoch": 3, "loss": 0.16886042801008833}
{"epoch": 4, "loss": 0.14243390378416396}
{"epoch": 5, "loss": 0.12300509720335934}
{"epoch": 6, "loss": 0.10311373620218524}
{"epoch": 7, "loss": 0.0956705897492734}
{"epoch": 8, "loss": 0.07338337782720053}
{"epoch": 9, "loss": 0.07078022733204871}
{"epoch": 0, "loss": 0.4834633177599395}
{"epoch": 1, "loss": 0.270456057595643}
{"epoch": 2, "loss": 0.20742649071522665}
{"epoch": 3, "loss": 0.16886042801008833}
{"epoch": 4, "loss": 0.14243390378416396}
{"epoch": 5, "loss": 0.12300509720335934}
{"epoch": 6, "loss": 0.10311373620218524}
{"epoch": 7, "loss": 0.0956705897492734}
{"epoch": 8, "loss": 0.07338337782720053}
{"epoch": 9, "loss": 0.07078022733204871}
{"epoch": 0, "loss": 0.4834633177599395}
{"epoch": 1, "loss": 0.270456057595643}
{"epoch": 2, "loss": 0.20742649071522665}
{"epoch": 3, "loss": 0.16886042801008833}
{"epoch": 4, "loss": 0.14243390378416396}
{"epoch": 5, "loss": 0.12300509720335934}
{"epoch": 6, "loss": 0.10311373620218524}
{"epoch": 7, "loss": 0.0956705897492734}
{"epoch": 8, "loss": 0.07338337782720053}
{"epoch": 9, "loss": 0.07078022733204871}
