{"epoch": 0, "loss": 1.4405306373630555}
{"epoch": 1, "loss": 1.3482439539454005}
{"epoch": 2, "loss": 1.271210390705246}
{"epoch": 3, "loss": 1.1991883129686924}
{"epoch": 4, "loss": 1.1306301452018115}
{"epoch": 5, "loss": 1.0522830733307846}
{"epoch": 6, "loss": 0.9788962189141694}
{"epoch": 7, "loss": 0.9224739772779448}
{"epoch": 8, "loss": 0.8995005644119538}
{"epoch": 9, "loss": 0.885855665615013}
