{"epoch": 0, "results": {"auc": 0.7743034038391183, "spauc": 0.6393316103446908, "metric": 0.5485851837126883, "f1_real": 0.8635125092890761, "f1_fake": 0.2336578581363004, "recall": 0.5607991070428634, "recall_real": 0.9825253664036077, "recall_fake": 0.1390728476821192, "precision": 0.7503256546715595, "precision_real": 0.7702165267344233, "precision_fake": 0.7304347826086957, "acc": 0.7682926829268293}}
{"epoch": 1, "results": {"auc": 0.8187142089191187, "spauc": 0.7018551141286772, "metric": 0.6766618528512233, "f1_real": 0.8887760284408329, "f1_fake": 0.46454767726161367, "recall": 0.6505203939165428, "recall_real": 0.9864712514092446, "recall_fake": 0.31456953642384106, "precision": 0.848269041408261, "precision_real": 0.8086876155268022, "precision_fake": 0.8878504672897196, "acc": 0.815811606391926}}
{"epoch": 2, "results": {"auc": 0.8339937806580705, "spauc": 0.7212475779068164, "metric": 0.7564952719928251, "f1_real": 0.8896139206090267, "f1_fake": 0.6233766233766234, "recall": 0.7392505431658167, "recall_real": 0.9222096956031567, "recall_fake": 0.5562913907284768, "precision": 0.7840522284863312, "precision_real": 0.8592436974789915, "precision_fake": 0.7088607594936709, "acc": 0.8292682926829268}}
{"epoch": 3, "results": {"auc": 0.8407124244980848, "spauc": 0.7261104297660762, "metric": 0.7579827079788026, "f1_real": 0.8964963894089328, "f1_fake": 0.6194690265486725, "recall": 0.7331403943645147, "recall_real": 0.9447576099210823, "recall_fake": 0.5215231788079471, "precision": 0.8078190365290896, "precision_real": 0.8529262086513995, "precision_fake": 0.7627118644067796, "acc": 0.8372582001682086}}
{"epoch": 4, "results": {"auc": 0.8410101390952462, "spauc": 0.7297934260530187, "metric": 0.7756283466642437, "f1_real": 0.8967777170944838, "f1_fake": 0.6544789762340036, "recall": 0.7591535572694625, "recall_real": 0.9255918827508456, "recall_fake": 0.5927152317880795, "precision": 0.8001578173642339, "precision_real": 0.8697033898305084, "precision_fake": 0.7306122448979592, "acc": 0.8410428931875525}}
{"epoch": 5, "results": {"auc": 0.8440787459775865, "spauc": 0.7311933379518964, "metric": 0.7366739240088802, "f1_real": 0.846633046573717, "f1_fake": 0.6267148014440433, "recall": 0.7614699448248057, "recall_real": 0.8043968432919955, "recall_fake": 0.7185430463576159, "precision": 0.7246241151583034, "precision_real": 0.8935504070131497, "precision_fake": 0.5556978233034571, "acc": 0.7825904121110177}}
{"epoch": 6, "results": {"auc": 0.8399592718964887, "spauc": 0.7319635350948581, "metric": 0.7702789368502594, "f1_real": 0.9004026845637584, "f1_fake": 0.6401551891367604, "recall": 0.7458394618365352, "recall_real": 0.9453213077790305, "recall_fake": 0.5463576158940397, "precision": 0.8161964620317209, "precision_real": 0.8595592004100461, "precision_fake": 0.7728337236533958, "acc": 0.843986543313709}}
{"epoch": 7, "results": {"auc": 0.8413731829143554, "spauc": 0.7321040174819033, "metric": 0.7712751047899753, "f1_real": 0.8994880086230127, "f1_fake": 0.6430622009569378, "recall": 0.748551557821961, "recall_real": 0.9408117249154453, "recall_fake": 0.5562913907284768, "precision": 0.8117732379477346, "precision_real": 0.8616417139907073, "precision_fake": 0.7619047619047619, "acc": 0.8431455004205215}}
{"epoch": 8, "results": {"auc": 0.8384212353569214, "spauc": 0.7265132114352271, "metric": 0.7640155737981825, "f1_real": 0.8995726495726496, "f1_fake": 0.6284584980237155, "recall": 0.7378786295049165, "recall_real": 0.9492671927846674, "recall_fake": 0.5264900662251656, "precision": 0.8171170498656315, "precision_real": 0.8548223350253807, "precision_fake": 0.7794117647058824, "acc": 0.8418839360807401}}
{"epoch": 9, "results": {"auc": 0.8403745790931558, "spauc": 0.7316550632799474, "metric": 0.767148835482389, "f1_real": 0.8941496598639456, "f1_fake": 0.6401480111008325, "recall": 0.7495016313639995, "recall_real": 0.9261555806087937, "recall_fake": 0.5728476821192053, "precision": 0.7948244165875402, "precision_real": 0.864281956864808, "precision_fake": 0.7253668763102725, "acc": 0.836417157275021}}
