{"epoch": 0, "loss": 0.5884860278786841}
{"epoch": 0, "loss": 0.5884860278786841}
{"epoch": 0, "loss": 0.5884860278786841}
{"epoch": 1, "loss": 0.4877860301786715}
{"epoch": 2, "loss": 0.4316875942655512}
{"epoch": 3, "loss": 0.38859538827930484}
{"epoch": 4, "loss": 0.3610384589111483}
{"epoch": 5, "loss": 0.31923948188085816}
{"epoch": 6, "loss": 0.2839072107731759}
{"epoch": 7, "loss": 0.24605205957148527}
{"epoch": 8, "loss": 0.203662877885608}
{"epoch": 9, "loss": 0.16738106404338865}
