{"epoch": 0, "results": {"auc": 0.7858470773572649, "spauc": 0.6297562129563664, "metric": 0.5198499232729061, "f1_real": 0.8655256723716381, "f1_fake": 0.17417417417417416, "recall": 0.5468858493172163, "recall_real": 0.9977452085682075, "recall_fake": 0.09602649006622517, "precision": 0.8498662878154772, "precision_real": 0.7642487046632125, "precision_fake": 0.9354838709677419, "acc": 0.768713204373423}}
{"epoch": 1, "results": {"auc": 0.8152041631513324, "spauc": 0.6903571710658939, "metric": 0.7259152852757402, "f1_real": 0.8890060638017401, "f1_fake": 0.5628245067497404, "recall": 0.6995350425946527, "recall_real": 0.9503945885005637, "recall_fake": 0.44867549668874174, "precision": 0.7949707582975659, "precision_real": 0.8350668647845468, "precision_fake": 0.754874651810585, "acc": 0.8229604709840201}}
{"epoch": 2, "results": {"auc": 0.8247226307891024, "spauc": 0.7079282757840194, "metric": 0.7414892629071819, "f1_real": 0.8949868073878628, "f1_fake": 0.587991718426501, "recall": 0.713115121288367, "recall_real": 0.9560315670800451, "recall_fake": 0.47019867549668876, "precision": 0.8129001140050864, "precision_real": 0.8412698412698413, "precision_fake": 0.7845303867403315, "acc": 0.832632464255677}}
{"epoch": 3, "results": {"auc": 0.8311902237619179, "spauc": 0.7153984021552946, "metric": 0.7464911602547148, "f1_real": 0.8960592435863528, "f1_fake": 0.5969230769230769, "recall": 0.7183461254171738, "recall_real": 0.9549041713641488, "recall_fake": 0.4817880794701987, "precision": 0.8142062081904708, "precision_real": 0.8440458395615347, "precision_fake": 0.784366576819407, "acc": 0.8347350714886459}}
{"epoch": 4, "results": {"auc": 0.8326507985097473, "spauc": 0.7205314124511799, "metric": 0.7548751671750197, "f1_real": 0.8958889482114255, "f1_fake": 0.6138613861386139, "recall": 0.7295650193747807, "recall_real": 0.9458850056369785, "recall_fake": 0.5132450331125827, "precision": 0.8072297884671109, "precision_real": 0.8509127789046653, "precision_fake": 0.7635467980295566, "acc": 0.8359966358284272}}
{"epoch": 5, "results": {"auc": 0.8373610354121713, "spauc": 0.7237536658043864, "metric": 0.7592679561059856, "f1_real": 0.8917819365337672, "f1_fake": 0.6267539756782039, "recall": 0.7406775200280729, "recall_real": 0.9267192784667418, "recall_fake": 0.554635761589404, "precision": 0.789906637663075, "precision_real": 0.8593831677992682, "precision_fake": 0.7204301075268817, "acc": 0.8322119428090833}}
{"epoch": 6, "results": {"auc": 0.8335663408916133, "spauc": 0.7247026587126784, "metric": 0.7677639156543423, "f1_real": 0.8924760601915185, "f1_fake": 0.6430517711171662, "recall": 0.752741960772602, "recall_real": 0.919391206313416, "recall_fake": 0.5860927152317881, "precision": 0.7896828071031184, "precision_real": 0.8670919723551302, "precision_fake": 0.7122736418511066, "acc": 0.8347350714886459}}
{"epoch": 7, "results": {"auc": 0.8351771728499221, "spauc": 0.7261182889205962, "metric": 0.7624324133771375, "f1_real": 0.8904072150860891, "f1_fake": 0.6344576116681859, "recall": 0.7472113754974353, "recall_real": 0.9182638105975197, "recall_fake": 0.5761589403973509, "precision": 0.7850366671867686, "precision_real": 0.8641909814323607, "precision_fake": 0.7058823529411765, "acc": 0.8313708999158957}}
{"epoch": 8, "results": {"auc": 0.8377240792312803, "spauc": 0.7263255741210616, "metric": 0.76391242189982, "f1_real": 0.8943661971830986, "f1_fake": 0.6334586466165414, "recall": 0.7443060916699642, "recall_real": 0.9306651634723788, "recall_fake": 0.5579470198675497, "precision": 0.7967005939157636, "precision_real": 0.8607924921793535, "precision_fake": 0.7326086956521739, "acc": 0.8359966358284272}}
{"epoch": 9, "results": {"auc": 0.8405696334843995, "spauc": 0.7268226656444527, "metric": 0.7676065514218702, "f1_real": 0.8913282107574094, "f1_fake": 0.6438848920863309, "recall": 0.7540802765479293, "recall_real": 0.915445321307779, "recall_fake": 0.5927152317880795, "precision": 0.7865868036548906, "precision_real": 0.8684491978609625, "precision_fake": 0.7047244094488189, "acc": 0.8334735071488646}}
