{"epoch": 0, "loss": 0.42138006417332474}
{"epoch": 1, "loss": 0.18980960250907652}
{"epoch": 2, "loss": 0.13302148808095896}
{"epoch": 3, "loss": 0.10323240031563752}
{"epoch": 4, "loss": 0.0848712060298469}
{"epoch": 5, "loss": 0.05948056242227353}
{"epoch": 6, "loss": 0.057747432144006364}
{"epoch": 7, "loss": 0.037009913971446234}
{"epoch": 8, "loss": 0.02922568129803482}
{"epoch": 9, "loss": 0.018920401284294952}
