{"epoch": 0, "results": {"auc": 0.7934392662221791, "spauc": 0.6668003377864613, "metric": 0.7165315324639727, "f1_real": 0.8601730393524979, "f1_fake": 0.5728900255754475, "recall": 0.7124748949132801, "recall_real": 0.8686583990980834, "recall_fake": 0.5562913907284768, "precision": 0.7211807589663477, "precision_real": 0.8518518518518519, "precision_fake": 0.5905096660808435, "acc": 0.7893187552565181}}
{"epoch": 1, "results": {"auc": 0.8114225344751637, "spauc": 0.6870828508139922, "metric": 0.7172485017265322, "f1_real": 0.8838317015083356, "f1_fake": 0.5506653019447287, "recall": 0.6933698305919948, "recall_real": 0.9413754227733935, "recall_fake": 0.445364238410596, "precision": 0.7770486652002702, "precision_real": 0.8329177057356608, "precision_fake": 0.7211796246648794, "acc": 0.8153910849453322}}
{"epoch": 2, "results": {"auc": 0.8201794500399442, "spauc": 0.7055145329520596, "metric": 0.7506679506389498, "f1_real": 0.8841413311421529, "f1_fake": 0.6171945701357466, "recall": 0.7371889395760693, "recall_real": 0.9098083427282976, "recall_fake": 0.5645695364238411, "precision": 0.7702607571218777, "precision_real": 0.8598827916888652, "precision_fake": 0.6806387225548902, "acc": 0.8221194280908326}}
{"epoch": 3, "results": {"auc": 0.8217118869319158, "spauc": 0.7078418250842993, "metric": 0.7543120150877275, "f1_real": 0.884181568088033, "f1_fake": 0.6244424620874219, "recall": 0.7426663281990786, "recall_real": 0.9058624577226606, "recall_fake": 0.5794701986754967, "precision": 0.7702484157661539, "precision_real": 0.8635142396560989, "precision_fake": 0.6769825918762089, "acc": 0.8229604709840201}}
{"epoch": 4, "results": {"auc": 0.8293890037853617, "spauc": 0.7202150814817493, "metric": 0.7452414599585568, "f1_real": 0.8744419642857143, "f1_fake": 0.6160409556313993, "recall": 0.7404983313050165, "recall_real": 0.883314543404735, "recall_fake": 0.597682119205298, "precision": 0.7506546183176406, "precision_real": 0.8657458563535911, "precision_fake": 0.6355633802816901, "acc": 0.8107653490328006}}
{"epoch": 5, "results": {"auc": 0.8367086764672942, "spauc": 0.7164151802713217, "metric": 0.7507608134695697, "f1_real": 0.8743323025021085, "f1_fake": 0.6271893244370309, "recall": 0.749533362700374, "recall_real": 0.8765501691093573, "recall_fake": 0.6225165562913907, "precision": 0.7520292020341508, "precision_real": 0.8721256309590578, "precision_fake": 0.6319327731092437, "acc": 0.812026913372582}}
{"epoch": 6, "results": {"auc": 0.8405407019718225, "spauc": 0.7142558775669472, "metric": 0.7544122217532794, "f1_real": 0.8817502076986984, "f1_fake": 0.6270742358078603, "recall": 0.7458889253902954, "recall_real": 0.8974069898534386, "recall_fake": 0.5943708609271523, "precision": 0.7651081637766308, "precision_real": 0.8666303756124115, "precision_fake": 0.6635859519408502, "acc": 0.8204373423044575}}
{"epoch": 7, "results": {"auc": 0.8258425603082045, "spauc": 0.7088153778504662, "metric": 0.7470117383514052, "f1_real": 0.8769102528480134, "f1_fake": 0.6171132238547969, "recall": 0.7402874112455856, "recall_real": 0.8895152198421646, "recall_fake": 0.5910596026490066, "precision": 0.7551135772498699, "precision_real": 0.8646575342465753, "precision_fake": 0.6455696202531646, "acc": 0.8137089991589571}}
{"epoch": 8, "results": {"auc": 0.8291584849593465, "spauc": 0.7111267373330881, "metric": 0.7411631721950638, "f1_real": 0.863506567675614, "f1_fake": 0.6188197767145136, "recall": 0.7473476335889261, "recall_real": 0.8523111612175873, "recall_fake": 0.6423841059602649, "precision": 0.7359615384615384, "precision_real": 0.875, "precision_fake": 0.5969230769230769, "acc": 0.798990748528175}}
{"epoch": 9, "results": {"auc": 0.823068868199228, "spauc": 0.7123421734413233, "metric": 0.7474404310192527, "f1_real": 0.8885891556514702, "f1_fake": 0.6062917063870352, "recall": 0.727450219132876, "recall_real": 0.9284103720405863, "recall_fake": 0.5264900662251656, "precision": 0.7833250986706348, "precision_real": 0.8520434557682359, "precision_fake": 0.7146067415730337, "acc": 0.8263246425567704}}
