{"epoch": 0, "loss": 0.3168306930645093}
{"epoch": 1, "loss": 0.15460130587421556}
{"epoch": 2, "loss": 0.1284397832067633}
{"epoch": 3, "loss": 0.10995151481364628}
{"epoch": 4, "loss": 0.10007611214107758}
{"epoch": 5, "loss": 0.08983215875294362}
{"epoch": 6, "loss": 0.08353228697150547}
{"epoch": 7, "loss": 0.07254317712126856}
{"epoch": 0, "loss": 0.3168306930645093}
{"epoch": 1, "loss": 0.15460130587421556}
{"epoch": 2, "loss": 0.1284397832067633}
{"epoch": 0, "loss": 0.3168306930645093}
{"epoch": 1, "loss": 0.15460130587421556}
{"epoch": 2, "loss": 0.1284397832067633}
{"epoch": 3, "loss": 0.10995151481364628}
{"epoch": 4, "loss": 0.10007611214107758}
{"epoch": 5, "loss": 0.08983215875294362}
{"epoch": 6, "loss": 0.08353228697150547}
{"epoch": 7, "loss": 0.07254317712126856}
{"epoch": 8, "loss": 0.06654114772037076}
{"epoch": 9, "loss": 0.06698913705799528}
