{"epoch": 0, "loss": 0.6956994861095874}
{"epoch": 0, "loss": 0.6956994861095874}
{"epoch": 0, "loss": 0.6956994861095874}
{"epoch": 0, "loss": 0.6956994861095874}
{"epoch": 0, "loss": 0.6956994861095874}
{"epoch": 0, "loss": 0.6956994861095874}
{"epoch": 0, "loss": 0.6956994861095874}
{"epoch": 0, "loss": 0.6956994861095874}
{"epoch": 0, "loss": 0.6956994861095874}
{"epoch": 1, "loss": 0.6019600525095656}
{"epoch": 2, "loss": 0.5337404882585681}
{"epoch": 3, "loss": 0.5023693155061018}
{"epoch": 4, "loss": 0.4634887216327427}
{"epoch": 5, "loss": 0.439006087345046}
{"epoch": 6, "loss": 0.4250665441289679}
{"epoch": 7, "loss": 0.377424510615366}
{"epoch": 8, "loss": 0.3695947177506782}
{"epoch": 9, "loss": 0.33001583854894395}
