{"epoch": 0, "results": {"auc": 0.781775200280729, "spauc": 0.6343940965174908, "metric": 0.5129364800403567, "f1_real": 0.8650231876983159, "f1_fake": 0.16084977238239756, "recall": 0.5433104743274824, "recall_real": 0.9988726042841037, "recall_fake": 0.08774834437086093, "precision": 0.8632215395452589, "precision_real": 0.7628067154541541, "precision_fake": 0.9636363636363636, "acc": 0.7674516400336417}}
{"epoch": 1, "results": {"auc": 0.805346916834034, "spauc": 0.6745170451308019, "metric": 0.7195333244267799, "f1_real": 0.878755364806867, "f1_fake": 0.5603112840466926, "recall": 0.7000791416860166, "recall_real": 0.923337091319053, "recall_fake": 0.4768211920529801, "precision": 0.7587628666885537, "precision_real": 0.8382804503582395, "precision_fake": 0.6792452830188679, "acc": 0.8099243061396131}}
{"epoch": 2, "results": {"auc": 0.8167543322606898, "spauc": 0.6975276671710934, "metric": 0.7430653779663681, "f1_real": 0.878987898789879, "f1_fake": 0.6071428571428571, "recall": 0.7318515421429478, "recall_real": 0.9007891770011274, "recall_fake": 0.5629139072847682, "precision": 0.7585658498405482, "precision_real": 0.8582169709989259, "precision_fake": 0.6589147286821705, "acc": 0.8149705634987384}}
{"epoch": 3, "results": {"auc": 0.8202317134175022, "spauc": 0.7077779694538241, "metric": 0.7548817096850196, "f1_real": 0.8899132321041214, "f1_fake": 0.6198501872659176, "recall": 0.736520714963005, "recall_real": 0.9250281848928974, "recall_fake": 0.5480132450331126, "precision": 0.7853644200626959, "precision_real": 0.8573667711598746, "precision_fake": 0.7133620689655172, "acc": 0.8292682926829268}}
{"epoch": 4, "results": {"auc": 0.8229195442633477, "spauc": 0.7124207649865235, "metric": 0.7527174684862386, "f1_real": 0.875526833380163, "f1_fake": 0.6299081035923141, "recall": 0.7512067240568328, "recall_real": 0.8782412626832018, "recall_fake": 0.6241721854304636, "precision": 0.7542897766189106, "precision_real": 0.8728291316526611, "precision_fake": 0.6357504215851602, "acc": 0.8137089991589571}}
{"epoch": 5, "results": {"auc": 0.8258733583699798, "spauc": 0.7131939093124301, "metric": 0.763716154674174, "f1_real": 0.8966630785791173, "f1_fake": 0.6307692307692307, "recall": 0.7410834944787474, "recall_real": 0.939120631341601, "recall_fake": 0.543046357615894, "precision": 0.8050860268898988, "precision_real": 0.8578784757981462, "precision_fake": 0.7522935779816514, "acc": 0.8385197645079899}}
{"epoch": 6, "results": {"auc": 0.8277175089781017, "spauc": 0.7185125921338509, "metric": 0.7641743710645207, "f1_real": 0.8950784207679827, "f1_fake": 0.6332703213610587, "recall": 0.7437778582467877, "recall_real": 0.9329199549041713, "recall_fake": 0.554635761589404, "precision": 0.799036286371088, "precision_real": 0.8601871101871101, "precision_fake": 0.737885462555066, "acc": 0.8368376787216149}}
{"epoch": 7, "results": {"auc": 0.8317259233818886, "spauc": 0.7202897434496894, "metric": 0.7702730873462581, "f1_real": 0.8970189701897019, "f1_fake": 0.6435272045028143, "recall": 0.750400374803079, "recall_real": 0.9329199549041713, "recall_fake": 0.5678807947019867, "precision": 0.8031014740304928, "precision_real": 0.8637787056367432, "precision_fake": 0.7424242424242424, "acc": 0.840201850294365}}
{"epoch": 8, "results": {"auc": 0.8360684500922075, "spauc": 0.7241083101521022, "metric": 0.7621070571008292, "f1_real": 0.8832543884090276, "f1_fake": 0.6409597257926307, "recall": 0.7563332014305233, "recall_real": 0.8934611048478016, "recall_fake": 0.6192052980132451, "precision": 0.7687883191677799, "precision_real": 0.8732782369146006, "precision_fake": 0.6642984014209592, "acc": 0.8238015138772078}}
{"epoch": 9, "results": {"auc": 0.8351762395753228, "spauc": 0.7266920072005574, "metric": 0.773119047780029, "f1_real": 0.8961003545132261, "f1_fake": 0.650137741046832, "recall": 0.7561241479202909, "recall_real": 0.9261555806087937, "recall_fake": 0.5860927152317881, "precision": 0.7989157013631338, "precision_real": 0.8679344955097729, "precision_fake": 0.7298969072164948, "acc": 0.8397813288477712}}
