{"epoch": 0, "loss": 0.586040031534058}
{"epoch": 1, "loss": 0.48914683053085384}
{"epoch": 2, "loss": 0.4216875719863015}
{"epoch": 3, "loss": 0.4038632525517059}
{"epoch": 4, "loss": 0.374089220756883}
{"epoch": 5, "loss": 0.35454239233120055}
{"epoch": 6, "loss": 0.3283975810349523}
{"epoch": 7, "loss": 0.2919253204856908}
{"epoch": 0, "loss": 0.586040031534058}
{"epoch": 1, "loss": 0.48914683053085384}
{"epoch": 2, "loss": 0.4216875719863015}
{"epoch": 3, "loss": 0.4038632525517059}
{"epoch": 4, "loss": 0.374089220756883}
{"epoch": 5, "loss": 0.35454239233120055}
{"epoch": 6, "loss": 0.3283975810349523}
{"epoch": 7, "loss": 0.2919253204856908}
