{"epoch": 0, "results": {"auc": 0.7969213137519879, "spauc": 0.6651057075930829, "metric": 0.6734707471672712, "f1_real": 0.8786157024793388, "f1_fake": 0.4683257918552036, "recall": 0.6507826440789326, "recall_real": 0.9588500563697858, "recall_fake": 0.34271523178807944, "precision": 0.7750289391256979, "precision_real": 0.8107721639656816, "precision_fake": 0.7392857142857143, "acc": 0.8023549201009251}}
{"epoch": 1, "results": {"auc": 0.8168373937000232, "spauc": 0.6912776745390508, "metric": 0.7153220802952962, "f1_real": 0.8883076118231755, "f1_fake": 0.5423365487674169, "recall": 0.688016567490686, "recall_real": 0.9571589627959414, "recall_fake": 0.41887417218543044, "precision": 0.7988469429078755, "precision_real": 0.828696925329429, "precision_fake": 0.7689969604863222, "acc": 0.8204373423044575}}
{"epoch": 2, "results": {"auc": 0.831994706466473, "spauc": 0.7094048144394675, "metric": 0.7384433194330837, "f1_real": 0.8936394827131169, "f1_fake": 0.5832471561530507, "recall": 0.7106139453623719, "recall_real": 0.9543404735062007, "recall_fake": 0.46688741721854304, "precision": 0.8085290076492422, "precision_real": 0.8401985111662531, "precision_fake": 0.7768595041322314, "acc": 0.8305298570227082}}
{"epoch": 3, "results": {"auc": 0.8339629825962952, "spauc": 0.7184811555157707, "metric": 0.7520305219953781, "f1_real": 0.8822718500137855, "f1_fake": 0.6217891939769707, "recall": 0.7415212002657966, "recall_real": 0.9019165727170236, "recall_fake": 0.5811258278145696, "precision": 0.7660180402436204, "precision_real": 0.8634646519158122, "precision_fake": 0.6685714285714286, "acc": 0.8204373423044575}}
{"epoch": 4, "results": {"auc": 0.8391799876061133, "spauc": 0.7086277405363008, "metric": 0.7449405282737676, "f1_real": 0.8941363756964712, "f1_fake": 0.5957446808510638, "recall": 0.7182929287650164, "recall_real": 0.9498308906426156, "recall_fake": 0.4867549668874172, "precision": 0.8061177748548918, "precision_real": 0.8446115288220551, "precision_fake": 0.7676240208877284, "acc": 0.8322119428090833}}
{"epoch": 5, "results": {"auc": 0.834029245092842, "spauc": 0.7133638635289253, "metric": 0.7588945296738225, "f1_real": 0.8937432578209277, "f1_fake": 0.6240458015267175, "recall": 0.7377190395484444, "recall_real": 0.9340473506200676, "recall_fake": 0.5413907284768212, "precision": 0.7966300064283518, "precision_real": 0.8567735263702172, "precision_fake": 0.7364864864864865, "acc": 0.8343145500420521}}
{"epoch": 6, "results": {"auc": 0.8355607487102145, "spauc": 0.7078536138160793, "metric": 0.7264107711325618, "f1_real": 0.8910475190338671, "f1_fake": 0.5617740232312566, "recall": 0.6984963079656853, "recall_real": 0.9565952649379932, "recall_fake": 0.44039735099337746, "precision": 0.8047084189941333, "precision_real": 0.8339066339066339, "precision_fake": 0.7755102040816326, "acc": 0.8254835996635829}}
{"epoch": 7, "results": {"auc": 0.8358817951723572, "spauc": 0.7183446027059855, "metric": 0.7585410502368488, "f1_real": 0.8971413304835694, "f1_fake": 0.6199407699901284, "recall": 0.7331581265819005, "recall_real": 0.9464487034949267, "recall_fake": 0.5198675496688742, "precision": 0.8102216383280705, "precision_real": 0.8527171152869477, "precision_fake": 0.7677261613691931, "acc": 0.8380992430613962}}
{"epoch": 8, "results": {"auc": 0.8368831988173544, "spauc": 0.709651395412533, "metric": 0.7572541583669041, "f1_real": 0.8898558607560512, "f1_fake": 0.6246524559777572, "recall": 0.7400783577353531, "recall_real": 0.9222096956031567, "recall_fake": 0.5579470198675497, "precision": 0.7845844511436237, "precision_real": 0.859695218076721, "precision_fake": 0.7094736842105264, "acc": 0.8296888141295206}}
{"epoch": 9, "results": {"auc": 0.834729201042281, "spauc": 0.71311924734449, "metric": 0.7675682438402652, "f1_real": 0.8897464167585446, "f1_fake": 0.6453900709219859, "recall": 0.756228674675407, "recall_real": 0.9098083427282976, "recall_fake": 0.6026490066225165, "precision": 0.7826033251809581, "precision_real": 0.8705501618122977, "precision_fake": 0.6946564885496184, "acc": 0.8317914213624895}}
