{"epoch": 0, "loss": 0.6781469194201736}
{"epoch": 1, "loss": 0.5738644105894073}
{"epoch": 2, "loss": 0.5349568764905673}
{"epoch": 3, "loss": 0.5089775745396133}
{"epoch": 4, "loss": 0.4915381143758962}
{"epoch": 5, "loss": 0.47315520504573444}
{"epoch": 6, "loss": 0.45972174406051636}
{"epoch": 7, "loss": 0.4364394768401309}
{"epoch": 8, "loss": 0.42204606318259025}
{"epoch": 9, "loss": 0.39991163563083953}
