{"epoch": 0, "loss": 0.43572638365062505}
{"epoch": 1, "loss": 0.2656509589303185}
{"epoch": 2, "loss": 0.21891107732379758}
{"epoch": 3, "loss": 0.20619215831361912}
{"epoch": 4, "loss": 0.18369977236599536}
{"epoch": 5, "loss": 0.17322227892440717}
{"epoch": 6, "loss": 0.1556808549306683}
{"epoch": 7, "loss": 0.1464035396741049}
{"epoch": 8, "loss": 0.13680930823289064}
{"epoch": 9, "loss": 0.12242353068211594}
