{"epoch": 0, "loss": 0.7079493054398546}
{"epoch": 1, "loss": 0.6025741481566211}
{"epoch": 2, "loss": 0.5256629948680465}
{"epoch": 3, "loss": 0.4738297814184481}
{"epoch": 4, "loss": 0.4459913244118562}
{"epoch": 5, "loss": 0.4053157849891766}
{"epoch": 6, "loss": 0.37280622809319885}
{"epoch": 7, "loss": 0.3385346684906935}
