{"epoch": 0, "loss": 0.6736871847161299}
{"epoch": 1, "loss": 0.5723752967409188}
{"epoch": 2, "loss": 0.529029644824363}
{"epoch": 3, "loss": 0.5033271626846211}
{"epoch": 4, "loss": 0.4919851779400765}
{"epoch": 5, "loss": 0.45696449789915}
{"epoch": 6, "loss": 0.4471408577115686}
{"epoch": 7, "loss": 0.43447834937959096}
{"epoch": 8, "loss": 0.41255170791535767}
{"epoch": 9, "loss": 0.39727128303802767}
