{"epoch": 0, "results": {"auc": 0.7990034493829189, "spauc": 0.6723862318615625, "metric": 0.7251592825502726, "f1_real": 0.8688207677437172, "f1_fake": 0.5814977973568282, "recall": 0.7165271732232319, "recall_real": 0.8866967305524239, "recall_fake": 0.5463576158940397, "precision": 0.736560126514519, "precision_real": 0.8516513264753655, "precision_fake": 0.6214689265536724, "acc": 0.8002523128679563}}
{"epoch": 1, "results": {"auc": 0.8150618387749464, "spauc": 0.7001987973135838, "metric": 0.7499269714779805, "f1_real": 0.8911582907820479, "f1_fake": 0.6086956521739131, "recall": 0.7280671136429815, "recall_real": 0.9346110484780158, "recall_fake": 0.5215231788079471, "precision": 0.7912124906304779, "precision_real": 0.8515665125834617, "precision_fake": 0.7308584686774942, "acc": 0.8296888141295206}}
{"epoch": 2, "results": {"auc": 0.8324454780979117, "spauc": 0.714124236728737, "metric": 0.7520507122075979, "f1_real": 0.8922911630405587, "f1_fake": 0.611810261374637, "recall": 0.7297404749994401, "recall_real": 0.9363021420518602, "recall_fake": 0.5231788079470199, "precision": 0.7944143251993432, "precision_real": 0.8522319138019497, "precision_fake": 0.7365967365967366, "acc": 0.8313708999158957}}
{"epoch": 3, "results": {"auc": 0.8424959122572553, "spauc": 0.7248735953234886, "metric": 0.7452637920984174, "f1_real": 0.895877378435518, "f1_fake": 0.5946502057613169, "recall": 0.716972345207075, "recall_real": 0.9554678692220969, "recall_fake": 0.478476821192053, "precision": 0.814304834523037, "precision_real": 0.8432835820895522, "precision_fake": 0.7853260869565217, "acc": 0.8343145500420521}}
{"epoch": 4, "results": {"auc": 0.8409158783607218, "spauc": 0.7252478875575045, "metric": 0.7768547929807659, "f1_real": 0.8980926430517712, "f1_fake": 0.6556169429097606, "recall": 0.7591890217042341, "recall_real": 0.9289740698985344, "recall_fake": 0.5894039735099338, "precision": 0.8038937619272721, "precision_real": 0.869198312236287, "precision_fake": 0.7385892116182573, "acc": 0.8427249789739276}}
{"epoch": 5, "results": {"auc": 0.8377334119772729, "spauc": 0.7276861902473394, "metric": 0.7662899262899263, "f1_real": 0.8962162162162162, "f1_fake": 0.6363636363636364, "recall": 0.7454512196032463, "recall_real": 0.9346110484780158, "recall_fake": 0.5562913907284768, "precision": 0.8021071687848629, "precision_real": 0.8608515057113187, "precision_fake": 0.7433628318584071, "acc": 0.8385197645079899}}
{"epoch": 6, "results": {"auc": 0.8410176052920403, "spauc": 0.7261801797624413, "metric": 0.7624174697234807, "f1_real": 0.8990923651895355, "f1_fake": 0.6257425742574257, "recall": 0.7362230003658436, "recall_real": 0.9492671927846674, "recall_fake": 0.5231788079470199, "precision": 0.8161402492031296, "precision_real": 0.8539553752535497, "precision_fake": 0.7783251231527094, "acc": 0.8410428931875525}}
{"epoch": 7, "results": {"auc": 0.8430092132868438, "spauc": 0.7257882044307555, "metric": 0.7662718245900164, "f1_real": 0.8896229011835948, "f1_fake": 0.6429207479964381, "recall": 0.754308928824746, "recall_real": 0.910935738444194, "recall_fake": 0.597682119205298, "precision": 0.7824264811814834, "precision_real": 0.8692845615922539, "precision_fake": 0.6955684007707129, "acc": 0.8313708999158957}}
{"epoch": 8, "results": {"auc": 0.8329195815943317, "spauc": 0.7209302645430709, "metric": 0.7599070819300124, "f1_real": 0.8946943172636682, "f1_fake": 0.6251198465963567, "recall": 0.7380186206948043, "recall_real": 0.9363021420518602, "recall_fake": 0.5397350993377483, "precision": 0.7996119691595955, "precision_real": 0.8566271273852502, "precision_fake": 0.7425968109339408, "acc": 0.8355761143818334}}
{"epoch": 9, "results": {"auc": 0.8244958450614842, "spauc": 0.7128314058101943, "metric": 0.742768005802076, "f1_real": 0.8930183169631006, "f1_fake": 0.5925176946410515, "recall": 0.7166195674085578, "recall_real": 0.9481397970687712, "recall_fake": 0.48509933774834435, "precision": 0.8024963997367409, "precision_real": 0.8439538384345209, "precision_fake": 0.7610389610389611, "acc": 0.8305298570227082}}
