{"epoch": 0, "loss": 0.4403412370262919}
{"epoch": 1, "loss": 0.26601246069814677}
{"epoch": 2, "loss": 0.2191990663775721}
{"epoch": 3, "loss": 0.2061071116477251}
{"epoch": 4, "loss": 0.18918408428293623}
{"epoch": 5, "loss": 0.17716272160209517}
{"epoch": 6, "loss": 0.15237786814671103}
{"epoch": 7, "loss": 0.14775428183477474}
{"epoch": 8, "loss": 0.13613982735252064}
{"epoch": 9, "loss": 0.12872902512852408}
