{"epoch": 0, "loss": 0.5574063376800434}
{"epoch": 0, "loss": 0.5574063376800434}
{"epoch": 1, "loss": 0.4596461205332129}
{"epoch": 2, "loss": 0.4181839598191751}
{"epoch": 3, "loss": 0.40168866313792556}
{"epoch": 4, "loss": 0.37442101457634486}
{"epoch": 5, "loss": 0.3734826095200874}
{"epoch": 6, "loss": 0.33873418013791784}
{"epoch": 7, "loss": 0.3238586944502753}
{"epoch": 8, "loss": 0.30781383382844496}
