{"epoch": 0, "results": {"auc": 0.8006105482428306, "spauc": 0.6709568481332346, "metric": 0.7211339777693331, "f1_real": 0.8700657894736842, "f1_fake": 0.572202166064982, "recall": 0.7097114688248953, "recall_real": 0.8945885005636979, "recall_fake": 0.5248344370860927, "precision": 0.7379099540919178, "precision_real": 0.8468516542155816, "precision_fake": 0.628968253968254, "acc": 0.80067283431455}}
{"epoch": 0, "results": {"auc": 0.8006105482428306, "spauc": 0.6709568481332346, "metric": 0.7211339777693331, "f1_real": 0.8700657894736842, "f1_fake": 0.572202166064982, "recall": 0.7097114688248953, "recall_real": 0.8945885005636979, "recall_fake": 0.5248344370860927, "precision": 0.7379099540919178, "precision_real": 0.8468516542155816, "precision_fake": 0.628968253968254, "acc": 0.80067283431455}}
{"epoch": 1, "results": {"auc": 0.8128933752435847, "spauc": 0.6825048933060831, "metric": 0.6390030434285174, "f1_real": 0.8790098509724678, "f1_fake": 0.3989962358845671, "recall": 0.622039652971173, "recall_real": 0.9808342728297632, "recall_fake": 0.2632450331125828, "precision": 0.8100864348300352, "precision_real": 0.7963386727688787, "precision_fake": 0.8238341968911918, "acc": 0.7985702270815812}}
{"epoch": 2, "results": {"auc": 0.828396932886357, "spauc": 0.709221106702562, "metric": 0.7522831058622369, "f1_real": 0.8830167905312414, "f1_fake": 0.6215494211932324, "recall": 0.7409929668426201, "recall_real": 0.9041713641488163, "recall_fake": 0.5778145695364238, "precision": 0.7676382458507848, "precision_real": 0.8628294782140936, "precision_fake": 0.6724470134874759, "acc": 0.8212783851976451}}
{"epoch": 3, "results": {"auc": 0.8360805826619977, "spauc": 0.7157992190358153, "metric": 0.7673812789716301, "f1_real": 0.8885816975393973, "f1_fake": 0.646180860403863, "recall": 0.7575669904507343, "recall_real": 0.9058624577226606, "recall_fake": 0.609271523178808, "precision": 0.7798991891521849, "precision_real": 0.8719479110146501, "precision_fake": 0.6878504672897197, "acc": 0.8305298570227082}}
{"epoch": 4, "results": {"auc": 0.8370717202864034, "spauc": 0.7096651489329429, "metric": 0.7417231483081279, "f1_real": 0.8895426584648302, "f1_fake": 0.5939036381514258, "recall": 0.7187147688838782, "recall_real": 0.9374295377677565, "recall_fake": 0.5, "precision": 0.7887726496990308, "precision_real": 0.8463104325699745, "precision_fake": 0.7312348668280871, "acc": 0.8263246425567704}}
{"epoch": 5, "results": {"auc": 0.8416783637083107, "spauc": 0.715128243718669, "metric": 0.7595229110739277, "f1_real": 0.8784468204839617, "f1_fake": 0.6405990016638935, "recall": 0.7586747874000463, "recall_real": 0.8799323562570462, "recall_fake": 0.6374172185430463, "precision": 0.7603895005824659, "precision_real": 0.8769662921348315, "precision_fake": 0.6438127090301003, "acc": 0.8183347350714887}}
{"epoch": 6, "results": {"auc": 0.8366760118563206, "spauc": 0.7080451807075047, "metric": 0.7561433466451342, "f1_real": 0.8821735514277793, "f1_fake": 0.6301131418624891, "recall": 0.7480905201699306, "recall_real": 0.8968432919954904, "recall_fake": 0.5993377483443708, "precision": 0.7660980895609044, "precision_real": 0.8679759956355702, "precision_fake": 0.6642201834862386, "acc": 0.8212783851976451}}
{"epoch": 7, "results": {"auc": 0.8360096537924546, "spauc": 0.7079076455034043, "metric": 0.7541828664147867, "f1_real": 0.8838105726872246, "f1_fake": 0.6245551601423488, "recall": 0.742930444910667, "recall_real": 0.9047350620067643, "recall_fake": 0.5811258278145696, "precision": 0.7694160387513456, "precision_real": 0.8638320775026911, "precision_fake": 0.675, "acc": 0.8225399495374264}}
{"epoch": 8, "results": {"auc": 0.8364790909158784, "spauc": 0.7114806136270666, "metric": 0.7515430656120061, "f1_real": 0.8931154567372087, "f1_fake": 0.6099706744868035, "recall": 0.7281203102951388, "recall_real": 0.939684329199549, "recall_fake": 0.5165562913907285, "precision": 0.7977872154830347, "precision_real": 0.850944359367024, "precision_fake": 0.7446300715990454, "acc": 0.8322119428090833}}
